EQUIPO_ID,EMPRESA_CONTRATISTA
C-001,SAN MARTIN CONTRATISTAS GENERALES SA
C-002,SAN MARTIN CONTRATISTAS GENERALES SA
C-003,SAN MARTIN CONTRATISTAS GENERALES SA
V-001,SAN MARTIN CONTRATISTAS GENERALES SA
V-002,SAN MARTIN CONTRATISTAS GENERALES SA
V-003,SAN MARTIN CONTRATISTAS GENERALES SA
V-004,SAN MARTIN CONTRATISTAS GENERALES SA
RE-001,SAN MARTIN CONTRATISTAS GENERALES SA
RE-002,SAN MARTIN CONTRATISTAS GENERALES SA
P-001,SAN MARTIN CONTRATISTAS GENERALES SA
P-002,SAN MARTIN CONTRATISTAS GENERALES SA
P-003,SAN MARTIN CONTRATISTAS GENERALES SA
AUX-001,SAN MARTIN CONTRATISTAS GENERALES SA
AUX-002,SAN MARTIN CONTRATISTAS GENERALES SA
